{
    "Model": "HistGradientBoosting",
    "MAE": 0.460384406431253,
    "RMSE": 0.9502956009717958,
    "R2": 0.4200386248533271
}