{
    "Model": "Random Forest Regression",
    "MAE": 0.38408232749470583,
    "RMSE": 0.7954527644943304,
    "R2": 0.593640493499985
}